City_ID,City,Lat,Lng,Max Temp,Humidity,Cloudiness,Wind Speed,Country,Date
0,port-aux-francais,-49.35,70.2167,277.76,97,100,9.78,TF,1698534495
1,waitangi,-43.9535,-176.5597,285.83,77,27,3.13,NZ,1698534497
2,bilibino,68.0546,166.4372,252.26,96,25,1.08,RU,1698534499
3,puerto natales,-51.7236,-72.4875,276.37,87,100,2.67,CL,1698534502
4,atafu village,-8.5421,-172.5159,301.72,73,24,4.12,TK,1698534504
5,palmer,42.1584,-72.3287,294.38,49,0,4.63,US,1698534506
6,tommot,58.9564,126.2925,270.46,95,100,3.85,RU,1698534508
7,iqaluit,63.7506,-68.5145,258.54,77,14,4.47,CA,1698534510
8,flagstaff,35.1981,-111.6513,289.0,51,75,5.14,US,1698534354
9,amungan,15.3652,119.9582,299.6,79,57,2.55,PH,1698534519
10,rio san juan,19.6439,-70.0763,299.52,81,13,2.14,DO,1698534521
11,jamestown,42.097,-79.2353,283.96,77,40,1.54,US,1698534503
12,manzhouli,49.6,117.4333,272.77,57,65,9.34,CN,1698534525
13,dobroslav,46.8194,30.9432,286.25,56,37,0.9,UA,1698534527
14,bredasdorp,-34.5322,20.0403,286.07,51,89,5.93,ZA,1698534529
15,bardai,11.65,7.2333,296.65,26,0,2.25,NG,1698534531
16,aripuana,-9.1667,-60.6333,301.58,61,94,1.29,BR,1698534421
17,anadyr,64.75,177.4833,275.43,100,100,4.0,RU,1698534246
18,tromso,69.6496,18.957,268.16,86,79,1.54,NO,1698534538
19,blackmans bay,-43.0167,147.3167,287.44,58,97,1.79,AU,1698534540
20,margaret river,-33.95,115.0667,288.42,83,100,4.34,AU,1698534542
21,marka,1.7159,44.7717,299.27,85,99,3.7,SO,1698534544
22,mili,6.0815,171.735,301.77,74,73,6.59,MH,1698534546
23,talnakh,69.4865,88.3972,258.82,96,45,0.98,RU,1698534548
24,recreo,-29.2818,-65.061,302.62,41,0,6.63,AR,1698534551
25,ciutadella,40.0011,3.8414,292.6,67,1,7.86,ES,1698534553
26,st. john's,47.5649,-52.7093,285.91,92,99,2.68,CA,1698534555
27,edinburgh of the seven seas,-37.0676,-12.3116,286.08,87,65,11.86,SH,1698534557
28,yuzhno-kurilsk,44.0306,145.8556,284.47,87,86,2.35,RU,1698534559
29,albany,42.6001,-73.9662,288.28,60,27,4.34,US,1698534001
30,yellowknife,62.456,-114.3525,273.46,82,75,7.2,CA,1698534180
31,sitka,57.0531,-135.33,282.09,61,100,2.06,US,1698534568
32,utrik,11.2278,169.8474,301.54,75,80,8.15,MH,1698534570
33,boise,43.6135,-116.2035,281.19,38,0,5.66,US,1698534572
34,kapa'a,22.0752,-159.319,302.14,66,0,5.14,US,1698534577
35,adamstown,-25.066,-130.1015,296.04,81,100,6.95,PN,1698534579
36,rikaze,29.25,88.8833,274.81,43,18,1.5,CN,1698534299
37,carnarvon,-24.8667,113.6333,292.91,64,1,11.03,AU,1698534583
38,ushuaia,-54.8,-68.3,274.8,93,93,2.17,AR,1698534585
39,qaqortoq,60.7167,-46.0333,273.46,83,58,0.76,GL,1698534587
40,crane,31.3974,-102.3501,298.74,52,18,9.72,US,1698534589
41,kindu,-2.95,25.95,294.08,92,24,0.31,CD,1698534592
42,petropavlovsk-kamchatsky,53.0452,158.6483,276.18,59,0,4.0,RU,1698534594
43,berezovyy,51.6667,135.7,272.92,57,95,0.38,RU,1698534596
44,la maddalena,41.2142,9.4083,289.24,78,0,3.9,IT,1698534598
45,gorontalo,0.5412,123.0595,298.85,66,99,0.78,ID,1698534600
46,olonkinbyen,70.9221,-8.7187,272.62,71,99,2.6,SJ,1698534603
47,cananeia,-25.0147,-47.9267,295.37,98,100,1.63,BR,1698534605
48,papatowai,-46.5619,169.4708,285.73,56,56,1.85,NZ,1698534607
49,shingu,33.7333,135.9833,287.32,65,0,3.33,JP,1698534609
50,tolanaro,-25.0319,46.9987,295.6,93,13,4.91,MG,1698534612
51,santa rosalia,27.3167,-112.2833,300.97,35,0,0.44,MX,1698534614
52,ierapetra,35.01,25.7353,296.01,71,0,0.89,GR,1698534616
53,kerikeri,-35.2268,173.9474,285.88,92,100,2.68,NZ,1698534619
54,aasiaat,68.7098,-52.8699,262.56,94,80,3.55,GL,1698534622
55,teruel,40.6667,-0.6667,282.04,77,90,8.1,ES,1698534624
56,puerto ayora,-0.7393,-90.3518,300.13,89,72,4.47,EC,1698534627
57,san borja,-14.8167,-66.85,305.1,48,87,2.59,BO,1698534632
58,punta arenas,-53.15,-70.9167,278.21,65,99,6.16,CL,1698534635
59,rengasdengklok,-6.1592,107.2981,298.22,67,12,2.55,ID,1698534638
60,wailua homesteads,22.0669,-159.378,301.39,66,0,5.14,US,1698534640
61,miringa,10.7312,12.1463,298.4,24,7,2.16,NG,1698534642
62,bethel,41.3712,-73.414,297.2,53,100,2.57,US,1698534504
63,bikenibeu village,1.3673,173.1241,304.13,74,20,3.09,KI,1698534647
64,balabac,7.9868,117.0645,301.06,78,34,3.68,PH,1698534649
65,celestun,20.8667,-90.4,301.47,67,11,9.05,MX,1698534651
66,port mathurin,-19.6833,63.4167,297.36,79,12,3.83,MU,1698534654
67,la sarre,48.8002,-79.1996,270.81,76,89,2.66,CA,1698534656
68,sikandarpur,26.05,84.05,294.11,54,67,0.39,IN,1698534658
69,bubaque,11.2833,-15.8333,300.8,77,7,4.11,GW,1698534660
70,grytviken,-54.2811,-36.5092,275.47,94,93,4.71,GS,1698534663
71,college,64.8569,-147.8028,271.43,84,75,0.45,US,1698534665
72,georgetown,5.4112,100.3354,299.79,94,20,1.54,MY,1698534412
73,byron bay,-28.65,153.6167,291.32,63,93,1.8,AU,1698534599
74,iskateley,67.6803,53.1512,260.94,90,100,3.58,RU,1698534671
75,hengchun,22.0042,120.7439,297.48,81,24,6.71,TW,1698534673
76,lihue,21.9789,-159.3672,301.73,66,0,5.14,US,1698534675
77,la passe,45.5549,-0.8967,288.28,87,100,8.8,FR,1698534678
78,fale old settlement,-9.3852,-171.2468,301.92,73,32,4.56,TK,1698534680
79,vorgashor,67.5833,63.95,256.25,100,98,1.13,RU,1698534682
80,sisimiut,66.9395,-53.6735,268.21,78,97,5.31,GL,1698534684
81,berbera,10.4396,45.0143,301.2,70,82,4.58,SO,1698534686
82,keflavik,64.0049,-22.5624,277.39,65,0,2.06,IS,1698534688
83,puerto baquerizo moreno,-0.9,-89.6,296.48,76,93,5.55,EC,1698534691
84,dudinka,69.4058,86.1778,259.05,92,72,5.81,RU,1698534693
85,vila do maio,15.1333,-23.2167,299.59,77,46,6.25,CV,1698534695
86,daru,-9.0763,143.2092,298.02,94,100,6.18,PG,1698534697
87,kartaly,53.0522,60.6467,272.05,97,100,4.02,RU,1698534699
88,coroata,-4.13,-44.1242,302.29,63,39,4.19,BR,1698534481
89,uchaly,54.2996,59.4521,269.86,98,100,2.07,RU,1698534704
90,cannonvale,-20.2833,148.7,297.81,58,71,7.92,AU,1698534706
91,ketchikan,55.3422,-131.6461,281.41,71,0,3.09,US,1698534708
92,qarauyl,48.9451,79.255,274.37,97,100,3.83,KZ,1698534710
93,east ballina,-28.8667,153.5833,291.6,62,94,1.51,AU,1698534712
94,plastun,44.7561,136.2939,276.6,44,0,1.87,RU,1698534714
95,kristiansund,63.1115,7.732,272.18,74,8,1.03,NO,1698534716
96,tiksi,71.6872,128.8694,262.86,86,100,5.64,RU,1698534719
97,san patricio,28.017,-97.5169,303.12,67,38,6.37,US,1698534721
98,labytnangi,66.6572,66.4183,260.76,90,87,1.51,RU,1698534723
99,harper,4.375,-7.7169,298.62,89,6,3.19,LR,1698534725
100,saint-philippe,-21.3585,55.7679,295.92,89,33,3.6,RE,1698534727
101,castillos,-34.1667,-53.8333,289.46,97,17,2.46,UY,1698534729
102,port isabel,26.0734,-97.2086,303.19,73,40,8.75,US,1698534480
103,kirensk,57.7853,108.1119,269.24,51,91,3.58,RU,1698534736
104,howard springs,-12.497,131.047,303.64,70,19,1.59,AU,1698534738
105,mount pearl,47.5166,-52.7813,285.45,92,99,2.24,CA,1698534740
106,pacocha,-17.5833,-71.3333,291.96,86,76,1.98,PE,1698534742
107,totness,5.8833,-56.3167,300.99,83,99,5.35,SR,1698534744
108,touros,-5.1989,-35.4608,298.88,73,59,7.02,BR,1698534747
109,stanley,54.868,-1.6985,282.89,93,75,4.63,GB,1698534749
110,ribeira grande,38.5167,-28.7,290.8,67,100,1.34,PT,1698534751
111,hasaki,35.7333,140.8333,287.37,62,43,8.12,JP,1698534753
112,ilulissat,69.2167,-51.1,269.16,74,86,8.75,GL,1698534755
113,mugia,43.1041,-9.2179,289.77,78,100,12.57,ES,1698534757
114,lebu,-37.6167,-73.65,282.62,79,95,7.95,CL,1698534760
115,kutum,14.2,24.6667,297.23,24,52,2.94,SD,1698534762
116,ringkobing,56.0901,8.244,280.94,90,100,10.48,DK,1698534764
117,weno,7.4515,151.8468,302.12,84,100,2.06,FM,1698534766
118,korla,41.7597,86.1469,284.52,41,13,2.68,CN,1698534768
119,tantou,26.0314,119.5986,292.64,82,82,3.93,CN,1698534770
120,nagqu,31.5,92.0,267.79,60,100,0.89,CN,1698534772
121,laojunmiao,39.8333,97.7333,279.65,34,92,0.79,CN,1698534775
122,cestos city,5.46,-9.5828,298.8,88,77,3.23,LR,1698534777
123,dadeldhura,29.2984,80.5806,281.43,81,48,1.46,NP,1698534779
124,ilhabela,-23.7781,-45.3581,296.49,97,100,3.18,BR,1698534781
125,isafjordur,66.0755,-23.124,275.33,86,99,2.53,IS,1698534783
126,kukuna,9.4,-12.6667,297.33,95,43,1.9,SL,1698534785
127,mejit,10.2753,170.8646,301.6,75,45,8.37,MH,1698534787
128,tazovsky,67.4667,78.7,258.82,91,51,4.28,RU,1698534790
129,taulaga,-11.0553,-171.0883,301.65,73,78,4.42,AS,1698534792
130,chibougamau,49.9168,-74.3659,268.94,80,100,8.23,CA,1698534794
131,zurrieq,35.8311,14.4742,294.24,88,0,2.06,MT,1698534796
132,severo-yeniseyskiy,60.3725,93.0408,264.03,81,100,7.15,RU,1698534798
133,san pedro pochutla,15.7333,-96.4667,303.99,79,37,2.15,MX,1698534800
134,sao vicente,-23.9631,-46.3919,303.3,78,100,2.24,BR,1698534803
135,luderitz,-26.6481,15.1594,289.51,60,0,9.19,NA,1698534805
136,shilong,23.1123,113.8425,295.75,91,76,1.93,CN,1698534807
137,charters towers,-20.1,146.2667,298.05,44,38,6.62,AU,1698534809
138,constantia,44.1833,28.65,287.53,53,60,2.31,RO,1698534811
139,yung shue wan,22.2333,114.1167,298.01,83,87,0.89,HK,1698534814
140,arraial do cabo,-22.9661,-42.0278,298.07,88,75,6.17,BR,1698534816
141,pokhara,28.2333,83.9833,289.23,65,84,2.54,NP,1698534818
142,bismarck,46.8083,-100.7837,269.06,70,0,5.14,US,1698534820
143,port elizabeth,-33.918,25.5701,285.55,66,0,2.57,ZA,1698534822
144,askoy,60.4092,5.226,275.35,80,0,1.54,NO,1698534824
145,hawaiian paradise park,19.5933,-154.9731,301.88,72,40,3.09,US,1698534826
146,papao,-17.75,-149.55,301.97,75,80,4.19,PF,1698534829
147,invercargill,-46.4,168.35,286.49,65,71,2.24,NZ,1698534831
148,port alfred,-33.5906,26.891,286.03,65,78,1.34,ZA,1698534833
149,badger,64.8,-147.5333,271.38,90,20,0.0,US,1698534835
150,longyearbyen,78.2186,15.6401,270.06,86,75,3.09,SJ,1698534837
151,kenai,60.5544,-151.2583,276.01,80,0,5.66,US,1698534839
152,donaghadee,54.6333,-5.5333,284.11,92,100,2.68,GB,1698534841
153,el bauga,18.262,33.9081,302.87,19,2,4.79,SD,1698534846
154,rongelap,11.1635,166.8941,301.6,77,22,6.88,MH,1698534848
155,santa maria,-29.6842,-53.8069,293.69,91,100,1.93,BR,1698534591
156,cidreira,-30.1811,-50.2056,293.3,93,100,4.95,BR,1698534852
157,seward,40.907,-97.0989,273.23,76,100,3.58,US,1698534721
158,namdrik,5.5994,168.1028,301.78,74,63,4.52,MH,1698534856
159,meulaboh,4.1363,96.1285,297.41,92,50,1.74,ID,1698534858
160,gbarnga,6.9956,-9.4722,295.03,98,100,0.98,LR,1698534861
161,emerald,-23.5333,148.1667,296.67,48,26,5.84,AU,1698534674
162,afaahiti,-17.75,-149.2833,301.08,76,89,3.27,PF,1698534865
163,susuman,62.7833,148.1667,255.92,99,92,0.45,RU,1698534867
164,shush,32.1942,48.2436,296.97,34,88,1.33,IR,1698534869
165,thompson,55.7435,-97.8558,268.24,86,75,2.06,CA,1698534796
166,kismayo,-0.3582,42.5454,299.46,85,4,4.41,SO,1698534874
167,kifri,34.6959,44.9661,296.83,38,20,1.74,IQ,1698534876
168,ghadamis,30.1337,9.5007,298.13,22,72,4.35,LY,1698534878
169,west island,-12.1568,96.8225,299.14,73,100,8.75,CC,1698534880
170,kodiak,57.79,-152.4072,280.88,93,100,8.23,US,1698534882
171,alofi,-19.0595,-169.9187,301.09,65,36,8.23,NU,1698534884
172,new norfolk,-42.7826,147.0587,288.1,48,100,2.35,AU,1698534887
173,port blair,11.6667,92.75,298.17,100,40,0.51,IN,1698534889
174,colares,38.7992,-9.4469,293.14,88,83,9.83,PT,1698534891
175,ubari,26.5921,12.7805,297.24,22,0,3.2,LY,1698534893
176,dazhou,31.2159,107.5009,287.8,85,86,1.65,CN,1698534895
177,mount gambier,-37.8333,140.7667,285.77,56,45,2.72,AU,1698534897
178,udachny,66.4167,112.4,253.03,100,57,3.22,RU,1698534745
179,srikakulam,18.3,83.9,295.54,81,74,2.57,IN,1698534902
180,thal,35.4791,72.2439,282.55,58,85,2.28,PK,1698534904
181,koysinceq,36.0821,44.6278,293.26,45,0,0.98,IQ,1698534906
182,stephenville,32.2207,-98.2023,289.22,94,100,2.06,US,1698534908
183,hithadhoo,-0.6,73.0833,300.31,81,32,7.88,MV,1698534911
184,alliance,40.9153,-81.1059,286.86,91,100,3.25,US,1698534914
185,fort bragg,35.139,-79.006,297.06,69,0,0.45,US,1698534916
186,khandyga,62.6667,135.6,258.92,91,81,1.83,RU,1698534918
187,cabo san lucas,22.8909,-109.9124,302.93,61,0,8.75,MX,1698534920
188,kununurra,-15.7667,128.7333,298.14,44,59,1.54,AU,1698534922
189,avarua,-21.2078,-159.775,298.18,61,75,4.63,CK,1698534925
190,mersing,2.4312,103.8405,297.1,94,40,0.0,MY,1698534927
191,bereket,39.2446,55.5154,293.77,46,51,1.7,TM,1698534929
192,whitehorse,60.7161,-135.0538,268.58,93,100,3.6,CA,1698534931
193,mary,37.0,62.5,294.99,28,82,3.47,TM,1698534933
194,santa cruz do sul,-29.7175,-52.4258,293.59,92,100,0.98,BR,1698534710
195,karratha,-20.7377,116.8463,302.83,50,31,1.39,AU,1698534938
196,robertsport,6.7533,-11.3686,299.44,84,11,3.2,LR,1698534940
197,ust-nera,64.5667,143.2,255.64,98,98,1.04,RU,1698534942
198,tura,25.5198,90.2201,291.74,88,0,1.71,IN,1698534944
199,mahur,25.1667,93.1167,288.82,90,11,0.92,IN,1698534946
200,chu,43.5983,73.7614,289.69,50,100,4.78,KZ,1698534948
201,ocsa,47.2999,19.2306,282.53,93,75,1.54,HU,1698534951
202,anapa,44.8908,37.3239,285.34,100,20,2.0,RU,1698534953
203,beloyarskiy,63.7119,66.6722,262.04,94,42,1.34,RU,1698534955
204,vadso,70.0744,29.7487,271.24,80,100,2.57,NO,1698534957
205,gargalianoi,37.0667,21.6333,292.79,87,100,3.11,GR,1698534959
206,tefenni,37.3097,29.7754,286.44,72,75,0.82,TR,1698534961
207,klyuchi,52.2667,79.1667,272.05,51,100,4.81,RU,1698534964
208,puerto deseado,-47.7503,-65.8938,287.16,22,83,11.64,AR,1698534966
209,nigde,37.8333,34.75,285.53,53,24,2.03,TR,1698534968
210,hermanus,-34.4187,19.2345,286.94,53,29,9.09,ZA,1698534970
211,moyale,3.5167,39.0584,293.95,76,100,2.66,KE,1698534972
212,korocha,50.8107,37.1953,282.55,86,100,10.0,RU,1698534974
213,chonchi,-42.6128,-73.8092,279.71,89,87,5.64,CL,1698534977
214,timmins,48.4669,-81.3331,272.05,69,75,2.06,CA,1698534862
215,sassandra,4.95,-6.0833,298.27,91,3,1.88,CI,1698534981
216,wewak,-3.5534,143.6268,300.17,84,100,2.65,PG,1698534983
217,lompoc,34.6391,-120.4579,295.81,68,0,10.73,US,1698534754
218,baki,-7.6128,110.7839,297.96,78,50,3.26,ID,1698534987
219,hilo,19.7297,-155.09,302.0,71,40,3.09,US,1698534884
220,goroka,-6.0834,145.3873,294.77,74,55,1.42,PG,1698534992
221,shalqar,47.8333,59.6,285.0,98,100,4.47,KZ,1698534994
222,boguchany,58.3814,97.4531,268.63,63,97,4.92,RU,1698534996
223,cacapava do sul,-30.5122,-53.4914,290.71,98,100,1.64,BR,1698534998
224,vershino-darasunskiy,52.35,115.5167,267.9,33,69,6.17,RU,1698535000
225,am timan,11.0297,20.2827,298.86,65,95,2.72,TD,1698535002
226,steinbach,50.1667,8.5667,285.39,93,0,3.09,DE,1698535004
227,port lincoln,-34.7333,135.8667,286.79,59,16,3.66,AU,1698534761
228,aguazul,5.1728,-72.5471,297.45,92,99,2.89,CO,1698535009
229,okhotsk,59.3833,143.3,269.04,83,99,5.26,RU,1698535011
230,uturoa,-16.7333,-151.4333,299.54,76,98,5.58,PF,1698535013
231,la ronge,55.1001,-105.2842,268.29,80,75,3.09,CA,1698535015
232,gemena,3.25,19.7667,294.43,95,70,0.47,CD,1698535017
233,guerrero negro,27.9769,-114.0611,294.02,64,0,8.12,MX,1698535023
234,tieli,46.95,128.05,275.16,48,29,2.23,CN,1698535025
235,la jolla,32.8473,-117.2742,296.84,71,0,4.12,US,1698534979
236,saipan,15.1355,145.701,302.54,89,40,3.6,MP,1698535029
237,sao fidelis,-21.6461,-41.7469,298.12,97,83,1.17,BR,1698535031
238,praia da vitoria,38.7333,-27.0667,290.29,63,40,9.03,PT,1698535033
239,castanos,26.7833,-101.4167,302.55,48,20,0.0,MX,1698535036
240,san luis de la loma,17.2706,-100.8939,301.12,82,100,2.07,MX,1698535038
241,inhambane,-23.865,35.3833,294.58,82,21,2.22,MZ,1698535040
242,valdivia,-39.8142,-73.2459,279.28,94,96,5.12,CL,1698534797
243,sao gabriel da cachoeira,-0.1303,-67.0892,299.65,82,100,1.13,BR,1698534965
244,tuttle,35.2909,-97.8123,279.86,92,100,6.1,US,1698534778
245,ambalangoda,6.2355,80.0538,298.03,89,100,1.76,LK,1698535048
246,jizzax,40.1158,67.8422,293.31,32,96,1.75,UZ,1698535050
247,gondar,12.6,37.4667,286.1,88,92,1.96,ET,1698535053
248,inongo,-1.95,18.2667,296.92,83,74,1.07,CD,1698535055
249,lijiang,26.8688,100.2207,278.93,74,0,1.56,CN,1698535057
250,camapua,-19.5314,-54.0439,302.49,50,61,5.48,BR,1698535059
251,bulawayo,-20.15,28.5833,295.8,25,15,2.99,ZW,1698535062
252,goondiwindi,-28.55,150.3167,294.08,39,0,4.57,AU,1698535064
253,copan,14.8333,-89.15,302.42,90,43,1.52,HN,1698535066
254,yilan,24.757,121.753,297.05,94,100,0.53,TW,1698535070
255,happy valley-goose bay,53.3168,-60.3315,276.32,93,100,2.57,CA,1698535072
256,san andres,12.5847,-81.7006,302.16,79,40,3.09,CO,1698534945
257,praia,14.9215,-23.5087,299.45,73,40,1.54,CV,1698535077
258,holualoa,19.6228,-155.9522,301.41,74,40,4.63,US,1698535079
259,east london,-33.0153,27.9116,287.08,64,100,7.84,ZA,1698535081
260,puerto leguizamo,-0.1934,-74.7819,301.2,71,100,1.23,CO,1698535083
261,adra,36.7496,-3.0206,291.4,73,0,3.01,ES,1698535085
262,osorio,-29.8867,-50.2697,293.85,90,100,1.06,BR,1698535090
263,alaghsas,17.0187,8.0168,300.2,12,68,3.63,NE,1698535092
264,ancud,-41.8697,-73.8203,280.73,79,80,11.24,CL,1698535094
265,saldanha,-33.0117,17.9442,285.18,65,0,8.79,ZA,1698535096
266,puerto san jose,13.9256,-90.8244,300.59,81,30,6.56,GT,1698535098
267,trairi,-3.2778,-39.2689,299.43,78,21,6.55,BR,1698534834
268,suva,-18.1416,178.4415,301.86,65,75,6.17,FJ,1698535105
269,visakhapatnam,17.69,83.2093,297.24,83,86,2.05,IN,1698535107
270,ghat,24.9647,10.1728,299.75,20,22,1.55,LY,1698535109
271,ust'-ilimsk,58.0006,102.6619,269.51,56,100,5.36,RU,1698535111
272,viedma,-40.8135,-62.9967,295.57,20,100,10.64,AR,1698535113
273,saarijarvi,62.7049,25.254,267.68,87,68,1.36,FI,1698535115
274,oranjemund,-28.55,16.4333,287.87,76,0,7.68,NA,1698535118
275,yanam,16.7333,82.2167,299.51,75,98,1.92,IN,1698535120
276,port saint john's,-31.6229,29.5448,287.89,88,100,8.75,ZA,1698535122
277,karaidel',55.8337,56.9069,272.65,91,100,4.89,RU,1698535126
278,amga,60.8953,131.9608,265.88,90,100,1.92,RU,1698535128
279,nova mayachka,46.6,33.2271,286.05,58,15,2.4,UA,1698535130
280,mancio lima,-7.6142,-72.8958,299.19,94,100,3.09,BR,1698535133
281,hirara,24.8,125.2833,297.3,64,20,3.09,JP,1698535135
282,muzaffarpur,26.1167,85.4,294.23,64,23,0.91,IN,1698534917
283,nova sintra,14.8667,-24.7167,296.67,76,37,7.65,CV,1698535139
284,sinop,41.7711,34.8709,288.97,66,4,2.24,TR,1698535141
285,jardim,-21.4803,-56.1381,304.05,46,91,3.04,BR,1698535143
286,tual,-5.6667,132.75,300.39,80,96,3.97,ID,1698535145
287,kudahuvadhoo,2.6708,72.8944,300.39,80,100,6.25,MV,1698535148
288,grand gaube,-20.0064,57.6608,296.14,78,5,0.89,MU,1698535150
289,ballina,-28.8667,153.5667,291.52,62,95,1.34,AU,1698535152
290,kunigal,13.0222,77.0267,294.07,87,60,1.58,IN,1698535154
291,baise city,23.8997,106.6133,293.73,98,100,0.09,CN,1698535158
292,vilyuchinsk,52.9306,158.4028,277.0,67,100,1.59,RU,1698534914
293,al kharj,24.155,47.3346,295.47,29,57,2.6,SA,1698535163
294,assab,13.0092,42.7394,301.45,79,40,8.83,ER,1698535165
295,the bottom,17.6259,-63.2492,299.22,81,100,8.65,BQ,1698535167
296,hotan,37.0997,79.9269,286.1,20,3,1.67,CN,1698535169
297,fort st. john,56.2499,-120.8529,274.09,55,20,3.09,CA,1698535171
298,bontang,0.1333,117.5,298.67,86,51,1.72,ID,1698535174
299,ungsang-nodongjagu,42.3578,130.4622,279.35,44,9,1.14,KP,1698535176
300,pasuquin,18.3328,120.6177,298.12,88,20,1.54,PH,1698535178
301,rabigh,22.7986,39.0349,296.26,87,100,4.46,SA,1698535180
302,i-n-salah,27.1935,2.4607,301.04,16,100,1.51,DZ,1698535183
303,bowen,-20.0167,148.2333,297.8,57,41,8.5,AU,1698535185
304,mata-utu,-13.2816,-176.1745,300.65,82,45,6.2,WF,1698535187
305,vikhorevka,56.1201,101.1636,263.92,61,27,2.5,RU,1698535189
306,mukalla,14.5425,49.1242,299.07,73,4,2.13,YE,1698535193
307,faya-largeau,17.9257,19.1043,300.15,15,13,5.65,TD,1698535195
308,smithers,54.7804,-127.1743,277.33,38,20,1.03,CA,1698535197
309,ulladulla,-35.35,150.4667,296.91,30,1,1.23,AU,1698535200
310,saint-pierre,-21.3393,55.4781,295.97,73,0,1.03,RE,1698535202
311,polyarnyy,69.1989,33.4478,266.81,93,96,1.59,RU,1698535204
312,dryden,49.7833,-92.7503,270.31,86,100,3.6,CA,1698535206
313,reggane,26.7158,0.1714,302.78,17,37,3.94,DZ,1698535208
314,spencer,43.1414,-95.1444,271.21,87,100,3.09,US,1698535210
315,sirte,31.2089,16.5887,296.82,71,2,3.75,LY,1698535213
316,suksun,57.1431,57.3949,270.71,91,100,7.18,RU,1698535215
317,kuacjok,8.3002,27.9903,295.17,94,91,0.6,SS,1698535217
318,thames,-37.1333,175.5333,288.65,58,96,7.86,NZ,1698535219
319,mitu,1.1983,-70.1733,298.89,84,91,0.46,CO,1698535221
320,tutoia,-2.7619,-42.2744,299.89,76,30,9.0,BR,1698535223
321,balnearia,-31.0088,-62.6673,299.69,46,0,4.91,AR,1698535228
322,ulanhot,46.0833,122.0833,276.79,46,43,2.74,CN,1698535230
323,haiku-pauwela,20.9219,-156.3051,302.16,58,40,10.29,US,1698535232
324,mhamid,29.82,-5.72,296.85,29,70,4.01,MA,1698535234
325,letlhakane,-21.4167,25.5833,299.79,30,100,3.71,BW,1698535237
326,kapoeta,4.7717,33.5903,294.88,85,68,0.92,SS,1698535239
327,chimoio,-19.1164,33.4833,293.25,85,0,0.18,MZ,1698535242
328,yaren,-0.5472,166.916,301.52,70,80,2.38,NR,1698535244
329,al qadarif,14.0349,35.3834,296.45,79,69,3.44,SD,1698535246
330,semnan,35.5729,53.3971,289.57,31,2,1.18,IR,1698535248
331,queenstown,-31.8976,26.8753,279.7,81,100,4.32,ZA,1698535251
332,yanchep,-31.55,115.6833,289.05,72,19,2.31,AU,1698535253
333,tsiombe,-25.3,45.4833,296.35,77,0,1.97,MG,1698535255
334,kabalo,-6.05,26.9167,293.88,92,15,1.17,CD,1698535257
335,huanren,41.2647,125.3667,278.61,61,3,1.31,CN,1698535259
336,shevchenko,48.5,35.0,285.3,59,14,5.08,UA,1698535261
337,brookings,44.3114,-96.7984,270.44,86,100,4.63,US,1698535252
338,paragominas,-2.9667,-47.4833,305.59,34,63,1.7,BR,1698535265
339,paita,-5.0892,-81.1144,293.72,85,78,6.75,PE,1698535268
340,gao,16.6362,1.637,301.28,14,100,2.56,ML,1698535270
341,aleg,17.0481,-13.9209,305.49,15,5,1.33,MR,1698535272
342,nar'yan-mar,67.6713,53.087,260.99,90,100,3.58,RU,1698535274
343,vila velha,-20.3297,-40.2925,299.12,83,40,4.12,BR,1698535276
344,sijunjung,-0.6876,100.9537,294.75,86,21,0.71,ID,1698535278
345,coahuayana de hidalgo,18.7,-103.6583,301.88,76,85,2.02,MX,1698535281
346,goronyo,13.4423,5.6763,301.82,15,62,3.48,NG,1698535283
347,rawson,-43.3002,-65.1023,289.31,29,0,12.86,AR,1698535285
348,tandil,-37.3217,-59.1332,294.64,59,3,3.3,AR,1698535287
349,marandahalli,12.4,78.0,293.92,94,24,1.11,IN,1698535289
350,fort mcmurray,56.7268,-111.381,269.92,80,20,2.06,CA,1698535291
351,tofol,5.3248,163.0078,304.03,70,75,3.09,FM,1698535294
352,coracora,-15.0333,-73.7833,284.21,53,13,3.4,PE,1698535296
353,khovd,48.0056,91.6419,270.56,53,56,0.89,MN,1698535298
354,puerto aysen,-45.4,-72.7,277.53,99,100,2.11,CL,1698535300
355,kidal,18.4411,1.4078,301.66,11,28,3.02,ML,1698535302
356,aykhal,66.0,111.5,254.64,100,94,4.07,RU,1698535304
357,kapuskasing,49.4169,-82.4331,271.2,80,75,1.54,CA,1698535306
358,quiberon,47.4841,-3.1196,287.63,77,38,7.6,FR,1698535309
359,igarka,67.4667,86.5833,257.73,95,68,1.98,RU,1698535311
360,yinchuan,38.4681,106.2731,285.79,26,3,0.41,CN,1698535313
361,lagunas,-5.2269,-75.6753,301.85,67,100,1.07,PE,1698535315
362,nola,40.922,14.5329,292.94,86,2,0.65,IT,1698535317
363,kissidougou,9.1848,-10.0999,295.53,90,98,0.82,GN,1698535320
364,minas de marcona,-15.2119,-75.1103,287.93,86,72,6.08,PE,1698535322
365,ormara,25.2088,64.6357,299.92,70,0,4.26,PK,1698535324
366,salinopolis,-0.6136,-47.3561,301.22,77,16,7.15,BR,1698535329
367,kijang,35.2442,129.2139,285.0,69,0,2.93,KR,1698535331
368,les cayes,18.2,-73.75,300.41,72,54,1.49,HT,1698535333
369,toritama,-8.0067,-36.0567,295.4,75,34,3.84,BR,1698535335
370,dunedin,-45.8742,170.5036,285.26,71,86,2.24,NZ,1698535338
371,nova vicosa,-17.8919,-39.3719,298.27,84,99,5.97,BR,1698535342
372,baharly,38.4362,57.4316,295.51,31,12,1.78,TM,1698535344
373,conceicao do araguaia,-8.2578,-49.2647,303.3,44,7,2.05,BR,1698535347
374,acapulco de juarez,16.8634,-99.8901,301.51,81,100,3.6,MX,1698535349
375,orizona,-17.0314,-48.2958,297.02,69,94,2.64,BR,1698535351
376,kyren,51.6828,102.1408,265.34,94,37,0.89,RU,1698535353
377,beloretsk,53.9631,58.3981,270.11,86,100,3.58,RU,1698535355
378,tangalle,6.024,80.7911,298.06,88,100,1.66,LK,1698535357
379,kilindoni,-7.9139,39.6668,299.38,81,86,4.76,TZ,1698535360
380,salqin,36.1381,36.4532,287.19,44,0,0.83,SY,1698535362
381,biankouma,7.7391,-7.6138,293.9,89,41,0.82,CI,1698535364
382,conde,-7.2597,-34.9075,298.85,78,40,3.6,BR,1698535298
383,rabo de peixe,37.8,-25.5833,290.36,99,20,3.09,PT,1698535368
384,nakasongola,1.3089,32.4564,291.98,96,97,2.2,UG,1698535370
385,kaffrine,14.1059,-15.5508,299.97,58,47,2.96,SN,1698535372
386,mumford,5.2618,-0.759,299.0,86,3,2.29,GH,1698535375
387,diego de almagro,-26.3667,-70.05,291.11,38,0,3.84,CL,1698535377
388,tomatlan,19.9333,-105.25,301.26,77,89,3.5,MX,1698535379
389,shamil'kala,42.6858,46.8639,289.42,55,28,2.69,RU,1698535385
390,flying fish cove,-10.4217,105.6791,297.97,88,40,3.6,CX,1698535387
391,machico,32.7,-16.7667,294.5,69,20,8.75,PT,1698535390
392,nadi,-17.8,177.4167,303.15,62,40,5.14,FJ,1698535135
393,riobamba,-1.6667,-78.6333,287.49,95,100,1.45,EC,1698535259
394,aldan,58.6031,125.3894,267.23,96,100,3.21,RU,1698535396
395,lalibela,12.0333,39.0333,286.55,79,35,2.78,ET,1698535400
396,tanumah,27.1,44.1333,294.98,38,94,3.17,SA,1698535402
397,rio grande,-32.035,-52.0986,294.79,95,91,3.09,BR,1698535394
398,bayanhongor,46.7167,100.1167,269.34,52,35,0.15,MN,1698535407
399,hamilton,39.1834,-84.5333,286.43,90,100,4.12,US,1698535344
400,zhalantun,48.0,122.7167,275.03,51,50,0.67,CN,1698535411
401,segovia,41.1667,-4.0,283.39,77,100,4.26,ES,1698535413
402,newman,37.3138,-121.0208,292.62,23,0,7.6,US,1698535415
403,makhambet,47.6667,51.5833,289.2,70,63,8.87,KZ,1698535417
404,muisne,0.6,-80.0333,296.9,92,100,1.49,EC,1698535420
405,ouarzazat,30.9189,-6.8934,294.31,37,0,1.54,MA,1698535422
406,zakamensk,50.3741,103.2863,267.52,80,88,1.14,RU,1698535424
407,enewetak,11.3474,162.3373,301.85,74,77,5.22,MH,1698535278
408,burao,9.5221,45.5336,294.88,78,99,3.14,SO,1698535428
409,ola,59.5833,151.2833,272.11,67,95,2.74,RU,1698535427
410,broome,42.2506,-75.833,286.49,75,0,1.54,US,1698535432
411,marsa alam,25.0757,34.8918,299.66,60,29,1.05,EG,1698535435
412,lerwick,60.1545,-1.1494,281.15,67,39,10.13,GB,1698535437
413,manavalakurichi,8.1333,77.3,299.28,82,100,1.87,IN,1698535441
414,tamanrasset,22.785,5.5228,297.1,17,75,1.54,DZ,1698535443
415,bandikui,27.05,76.5667,295.98,35,57,0.68,IN,1698535445
416,astrakhan,46.3497,48.0408,288.1,87,0,4.02,RU,1698535440
417,mpika,-11.8343,31.4529,292.79,55,58,1.22,ZM,1698535449
418,lupane,-18.9315,27.807,296.31,23,29,1.73,ZW,1698535449
419,ituango,7.1712,-75.764,290.13,97,100,1.49,CO,1698535454
420,egilsstadir,65.2653,-14.3948,274.1,100,100,3.09,IS,1698535439
421,kostroma,57.7708,40.9344,272.16,84,100,4.92,RU,1698535458
422,choibalsan,48.0667,114.5,272.48,45,21,7.46,MN,1698535460
423,galveston,29.3669,-94.9669,301.58,81,0,5.66,US,1698535220
424,paraisopolis,-22.5542,-45.78,293.83,94,100,0.82,BR,1698535464
425,prainha,-1.8,-53.48,303.24,47,44,1.42,BR,1698535466
426,garcia,25.8167,-100.5833,304.77,65,0,4.19,MX,1698535354
427,roznava,48.6601,20.5376,279.76,91,59,1.04,SK,1698535471
428,orivesi,61.6777,24.3572,270.17,85,14,1.64,FI,1698535473
429,qui nhon,13.7667,109.2333,298.12,89,98,2.28,VN,1698535475
430,san antonio de pale,-1.4014,5.6325,299.19,80,4,2.9,GQ,1698535409
431,syktyvkar,61.6764,50.8099,269.0,73,75,4.02,RU,1698535479
432,sucre,-19.0333,-65.2627,295.95,28,97,2.54,BO,1698535481
433,nikolayevsk-on-amure,53.1406,140.73,272.37,76,44,2.34,RU,1698535457
434,mil'kovo,55.6078,37.7956,273.48,98,100,4.89,RU,1698535403
435,kirkuk,35.4681,44.3922,295.36,40,0,1.02,IQ,1698535490
436,arafat,21.3594,39.9664,300.11,57,90,2.27,SA,1698535493
437,slavgorod,52.9978,78.6449,271.85,53,100,4.85,RU,1698535497
438,abepura,-2.6333,140.5833,298.6,83,40,1.54,ID,1698535499
439,auki,-8.7676,160.7034,302.84,67,73,0.88,SB,1698535501
440,kailua-kona,19.6406,-155.9956,303.48,74,40,4.63,US,1698535421
441,misratah,32.3754,15.0925,296.91,70,3,3.17,LY,1698535505
442,rafsanjan,30.4067,55.9939,292.12,32,76,1.1,IR,1698535507
443,sao paulo de olivenca,-3.3783,-68.8725,298.74,86,92,1.36,BR,1698535510
444,tindouf,27.6711,-8.1474,294.4,46,0,5.66,DZ,1698535512
445,codrington,-38.2667,141.9667,286.65,52,44,4.0,AU,1698535457
446,westport,41.1415,-73.3579,297.45,71,75,2.06,US,1698535470
447,wuwei,37.9281,102.6414,280.42,36,1,0.66,CN,1698535518
448,winnetka,42.1081,-87.7359,282.53,72,100,3.6,US,1698535520
449,walvis bay,-22.9575,14.5053,285.68,87,28,5.14,NA,1698535523
450,zheleznogorsk-ilimskiy,56.5768,104.1217,268.35,46,49,3.58,RU,1698535525
451,hell-ville,-13.4,48.2667,299.57,75,5,2.06,MG,1698535380
452,toliara,-23.35,43.6667,295.64,83,0,3.04,MG,1698535529
453,tlapehuala,18.2167,-100.5167,302.04,77,100,0.24,MX,1698535531
454,condega,13.365,-86.3985,296.31,90,83,0.48,NI,1698535533
455,manistee,44.2445,-86.3242,279.29,70,100,3.09,US,1698535535
456,pisco,-13.7,-76.2167,294.18,78,20,7.2,PE,1698535508
457,santa marta,11.2408,-74.199,300.31,79,75,6.17,CO,1698535413
458,geraldton,-28.7667,114.6,289.38,67,1,7.72,AU,1698535542
459,kisangani,0.5167,25.2,294.39,93,61,0.48,CD,1698535435
460,bel ombre,-4.6167,55.4167,300.06,83,20,2.57,SC,1698535546
461,akjoujt,19.6969,-14.4164,303.14,16,0,2.6,MR,1698535548
462,olyokminsk,60.3736,120.4264,269.35,82,100,1.73,RU,1698535387
463,barsi,18.2333,75.7,294.2,48,1,4.51,IN,1698535552
464,bosobolo,4.1833,19.9,295.01,90,18,0.17,CD,1698535554
465,matthew town,20.95,-73.6667,300.96,74,13,7.82,BS,1698535557
466,veraval,20.9,70.3667,299.58,62,100,3.38,IN,1698535559
467,madalena,41.2162,-8.3345,290.47,95,100,8.23,PT,1698535561
468,iguatemi,-23.6803,-54.5611,300.27,65,97,2.33,BR,1698535563
469,sakakah,29.9697,40.2064,294.91,63,99,3.28,SA,1698535565
470,sept-iles,50.2001,-66.3821,280.15,59,40,12.86,CA,1698535567
471,kanniyakumari,8.0833,77.5667,300.1,78,100,2.83,IN,1698535569
472,north bend,43.4065,-124.2243,287.17,41,0,4.63,US,1698535572
473,mirnyy,62.5353,113.9611,264.79,86,66,4.08,RU,1698535576
474,nizhneudinsk,54.9076,99.0276,268.93,48,99,1.85,RU,1698535578
475,poronaysk,49.2167,143.1167,275.54,60,3,0.98,RU,1698535580
476,kavieng,-2.5744,150.7967,301.63,79,11,6.93,PG,1698535582
477,alo,7.4178,6.7371,299.15,85,87,1.51,NG,1698535584
478,leua,48.2156,18.6071,284.54,82,51,2.14,SK,1698535587
479,shubarshi,48.5872,57.1869,285.7,97,100,6.86,KZ,1698535589
480,karaundi,26.8974,68.4068,299.33,33,1,0.58,PK,1698535591
481,kutina,45.475,16.7819,285.48,78,68,2.43,HR,1698535593
482,figuig (centre),32.1089,-1.2286,295.3,18,100,1.49,MA,1698535595
483,tamandare,-8.7597,-35.1047,298.44,73,99,4.82,BR,1698535503
484,altai,46.3722,96.2583,270.72,41,27,1.52,MN,1698535444
485,portage la prairie,49.9728,-98.2926,270.43,89,28,5.41,CA,1698535602
486,conception bay south,47.4999,-52.9981,285.78,94,98,6.19,CA,1698535604
487,talcahuano,-36.7167,-73.1167,284.97,71,100,6.17,CL,1698535606
488,outjo,-20.1167,16.15,292.64,20,5,3.51,NA,1698535608
489,keelung,25.1283,121.7419,297.07,80,99,4.07,TW,1698535610
490,amos,48.5669,-78.1162,271.1,76,97,3.32,CA,1698535567
491,protaras,35.0125,34.0583,295.36,83,0,1.79,CY,1698535440
492,fisterra,42.9049,-9.2629,288.16,77,100,12.66,ES,1698535617
493,wajir,1.7471,40.0573,298.64,76,72,8.29,KE,1698535619
494,manismata,-2.4667,111.0333,298.2,88,97,0.93,ID,1698535621
495,amahai,-3.3333,128.9167,299.89,77,99,1.39,ID,1698535623
496,puri,19.8,85.85,293.44,74,32,3.02,IN,1698535625
497,gadzhiyevo,69.2551,33.3362,266.58,94,94,1.71,RU,1698535473
498,dzhetygara,52.1908,61.2006,272.94,99,100,2.3,KZ,1698535629
499,masterton,-40.9597,175.6575,287.53,43,61,2.9,NZ,1698535431
500,savanna-la-mar,18.219,-78.1332,301.12,71,21,3.61,JM,1698535634
501,majene,-3.5403,118.9707,299.69,69,38,3.57,ID,1698535636
502,fernie,49.5,-115.0687,272.2,45,24,1.85,CA,1698535523
503,as sulayyil,20.4607,45.5779,298.29,49,69,3.08,SA,1698535640
504,taoudenni,22.6783,-3.9836,305.54,11,0,2.79,ML,1698535405
505,nova kakhovka,46.7545,33.3486,285.75,61,12,2.87,UA,1698535644
506,thunder bay,48.4001,-89.3168,274.14,60,100,4.12,CA,1698535360
507,flin flon,54.7682,-101.865,268.06,74,75,3.09,CA,1698535649
508,poxoreo,-15.8372,-54.3892,300.81,58,70,1.61,BR,1698535653
509,kachkanar,58.7,59.4948,266.87,84,99,3.06,RU,1698535655
510,okakarara,-20.5833,17.4333,293.87,16,36,5.24,NA,1698535657
511,altayskoye,51.9533,85.3325,269.68,58,99,1.88,RU,1698535659
512,harsin,34.2721,47.5861,279.6,42,3,0.76,IR,1698535664
513,bamboo flat,11.7,92.7167,298.2,100,40,0.51,IN,1698535469
514,margate,51.3813,1.3862,287.42,87,85,3.13,GB,1698535342
515,murzuq,25.9155,13.9184,297.34,23,0,3.6,LY,1698535670
516,katsuura,35.1333,140.3,290.44,67,38,6.5,JP,1698535383
517,nemuro,43.3236,145.575,285.61,76,97,3.8,JP,1698535511
518,sirjan,29.452,55.6814,288.81,54,6,3.35,IR,1698535676
519,nebraska city,40.6767,-95.8592,275.45,64,100,7.2,US,1698535678
520,ventspils,57.3894,21.5606,275.11,100,75,1.54,LV,1698535680
521,de aar,-30.6497,24.0123,280.61,60,9,11.86,ZA,1698535683
522,bocas del toro,9.3333,-82.25,298.74,78,71,2.24,PA,1698535685
523,al kharijah,25.4514,30.5464,298.19,31,9,3.18,EG,1698535649
524,miagao,10.6442,122.2352,300.05,82,22,4.48,PH,1698535689
525,hanceville,34.0607,-86.7675,299.55,59,39,1.8,US,1698535691
526,qamdo,31.1667,97.2333,266.83,53,0,0.9,CN,1698535432
527,quellon,-43.1167,-73.6167,280.12,86,74,8.99,CL,1698535375
528,rumphi,-11.0186,33.8575,295.95,52,47,3.32,MW,1698535697
529,maragogi,-9.0122,-35.2225,299.17,67,98,5.86,BR,1698535563
530,chornobayivka,46.6941,32.5537,286.13,58,22,1.56,UA,1698535704
531,terbanggi besar,-4.8667,105.2333,296.43,79,16,2.16,ID,1698535706
532,mweka,-4.85,21.5667,293.66,97,79,0.83,CD,1698535708
533,lorengau,-2.0226,147.2712,301.16,82,97,4.6,PG,1698535441
534,jalingo,8.8833,11.3667,300.69,49,23,1.3,NG,1698535712
535,opuwo,-18.0607,13.84,295.53,29,77,3.01,NA,1698535714
536,douentza,14.9951,-2.9517,301.74,19,11,1.73,ML,1698535716
537,lazaro cardenas,17.9583,-102.2,301.66,78,93,3.29,MX,1698535477
538,alvand,36.3187,49.1678,284.72,35,28,2.61,IR,1698535721
539,araguaina,-7.1911,-48.2072,304.2,39,42,1.92,BR,1698535455
540,arak,34.0917,49.6892,284.67,31,7,0.77,IR,1698535725
541,sovetskiy,61.3614,63.5842,268.65,83,10,5.36,RU,1698535727
542,vakarai,55.6035,23.8213,271.44,85,100,1.27,LT,1698535729
543,porto novo,6.4965,2.6036,301.05,82,3,2.1,BJ,1698535415
544,portland,45.5234,-122.6762,286.85,39,0,6.69,US,1698535635
545,makokou,0.5738,12.8642,296.46,81,93,0.6,GA,1698535735
546,val-des-monts,45.6501,-75.666,281.99,71,20,3.09,CA,1698535738
547,whakatane,-37.9585,176.9854,291.42,57,87,1.79,NZ,1698535392
548,kerema,-7.9631,145.7785,300.66,77,43,1.59,PG,1698535742
549,yamethin,20.4333,96.15,295.41,87,100,1.29,MM,1698535744
550,alenquer,-1.9417,-54.7383,304.14,41,68,1.87,BR,1698535746
551,ta`u,-14.2336,-169.5144,299.83,82,33,6.52,AS,1698535485
552,amparafaravola,-17.5833,48.2167,291.77,93,47,1.41,MG,1698535750
553,dondo,-19.6094,34.7431,296.88,96,0,1.96,MZ,1698535752
554,punta del este,-34.9667,-54.95,291.21,99,20,5.81,UY,1698535315
555,kruisfontein,-34.0033,24.7314,282.74,57,73,2.35,ZA,1698535469
